{
  "device_description": "Pipeline",
  "validation_method": "stratified_grouped_kfold",
  "sample_size": 1000,
  "performance_metrics": {
    "mean_scores": {
      "accuracy": 0.5411632300634859,
      "roc_auc": 0.5557820182171116,
      "sensitivity": 0.646757094865707,
      "specificity": 0.39448059711689554,
      "precision": 0.6006754199325695,
      "recall": 0.646757094865707,
      "f1": 0.6215459578265665,
      "test_accuracy": 0.5411632300634859,
      "test_roc_auc": 0.5557820182171116,
      "test_sensitivity": 0.646757094865707,
      "test_specificity": 0.39448059711689554,
      "test_precision": 0.6006754199325695,
      "test_recall": 0.646757094865707,
      "test_f1": 0.6215459578265665
    },
    "std_scores": {
      "accuracy": 0.020007730385523358,
      "roc_auc": 0.03209430990184182,
      "sensitivity": 0.05026976918795214,
      "specificity": 0.058354379653555534,
      "precision": 0.019632677591934978,
      "recall": 0.05026976918795214,
      "f1": 0.021961333391785676,
      "test_accuracy": 0.020007730385523358,
      "test_roc_auc": 0.03209430990184182,
      "test_sensitivity": 0.05026976918795214,
      "test_specificity": 0.058354379653555534,
      "test_precision": 0.019632677591934978,
      "test_recall": 0.05026976918795214,
      "test_f1": 0.021961333391785676
    },
    "confidence_intervals": {
      "accuracy": [
        0.5209364548494984,
        0.5547812971342383
      ],
      "roc_auc": [
        0.5304418447370314,
        0.5822992573483428
      ],
      "sensitivity": [
        0.6044921792934744,
        0.692625641025641
      ],
      "specificity": [
        0.3464285714285714,
        0.4464063674250188
      ],
      "precision": [
        0.5842543929500451,
        0.617416140009723
      ],
      "recall": [
        0.6044921792934744,
        0.6949194463353756
      ],
      "f1": [
        0.6028193746646505,
        0.6393624921826142
      ]
    },
    "ci_method": "bootstrap",
    "ci_level": 0.95,
    "leakage_check": {
      "no_duplicate_samples": true,
      "no_patient_leakage": true,
      "balanced_classes": true
    },
    "recommendations": []
  },
  "data_integrity": {
    "no_duplicate_samples": true,
    "no_patient_leakage": true,
    "balanced_classes": true
  },
  "random_seed": 42,
  "timestamp": "2026-01-16T15:55:21.105038"
}